{
  "name": "coolant",
  "n_features": 15,
  "hidden_size": 64,
  "latent_dim": 32,
  "n_layers": 2,
  "window_size": 30,
  "stride": 3,
  "best_val_loss": 0.00291081682602949,
  "threshold_3sigma": 0.015815909951925278,
  "threshold_p95": 0.008417824283242226,
  "threshold_p99": 0.02430802583694458,
  "normal_error_mean": 0.002168048871681094,
  "normal_error_std": 0.004549287259578705,
  "train_losses": [
    0.03706728519620635,
    0.0252003611015682,
    0.025155571609280492,
    0.019703838085570864,
    0.009369391814684708,
    0.008427851331602716,
    0.0068862305073726345,
    0.007170872333277083,
    0.006686691594672681,
    0.0067322855328302116,
    0.0065519511089458795,
    0.00634549990795202,
    0.006316089743165342,
    0.006292194380417808,
    0.006209649076879631,
    0.006048240944145972,
    0.005998566006748693,
    0.005731168071533205,
    0.006401118187887864,
    0.005764266111681821,
    0.005315679675276195,
    0.005536069935922329,
    0.00513404194542868,
    0.004896733416339179,
    0.004968407440340531,
    0.004758777965391031,
    0.004683315529400345,
    0.004466982531413417,
    0.004978104699497839,
    0.004720372525245217,
    0.004594045090749765,
    0.004325140542504745,
    0.003821209199553588,
    0.004148908728157803,
    0.004082681647319413,
    0.003358091182980696,
    0.0030388574903290576,
    0.0030340715764687605,
    0.0028838729761356046,
    0.002781623678220289,
    0.0031428529265391195,
    0.002643665423529085,
    0.0027835550581747264,
    0.0024413144031987448,
    0.0024874221190511613,
    0.0023542587374604804,
    0.0024726267078471944,
    0.0024060718371573145,
    0.0023081491111230303,
    0.00299523543932596,
    0.0023088016055237606,
    0.002421372844547308,
    0.0034969959155663507,
    0.002583598358729622,
    0.00223059864903139,
    0.0021926085395044138,
    0.002275667503285376,
    0.0021624408825833834,
    0.00207469602555046,
    0.002796261223582859,
    0.0029674716524568886,
    0.003561256037202709,
    0.002697585027963492,
    0.002415329175550993,
    0.0021495436436411363,
    0.0021131097000807943,
    0.0020509704964652505,
    0.0021025491284464817
  ],
  "val_losses": [
    0.02811863428602616,
    0.02856760714767557,
    0.02808156967953299,
    0.015572286965889913,
    0.014471138606431207,
    0.009678430271139744,
    0.00973902718308664,
    0.009693675246465989,
    0.010530869175169636,
    0.009513709247006442,
    0.009463598363006233,
    0.009456584392929205,
    0.009070282889003254,
    0.009241248332737179,
    0.008330581121712881,
    0.008820279268253914,
    0.008255101531268346,
    0.008247741155274626,
    0.008392262634717755,
    0.008060258661289205,
    0.007429267961832911,
    0.007858239034910432,
    0.006621895624751535,
    0.0078008166407255546,
    0.006855638401927967,
    0.007054285565582269,
    0.007223025752745058,
    0.006219017502529584,
    0.007425178951484438,
    0.0064906840368231045,
    0.006204587877113631,
    0.005932728467583233,
    0.005227948027657641,
    0.005647151150715401,
    0.005953446014080493,
    0.004783364929093608,
    0.004777207760130893,
    0.004398881499784895,
    0.005436393155759281,
    0.004197303541855725,
    0.004543948506386986,
    0.003977395439744784,
    0.0037623708010483606,
    0.004022526394251283,
    0.0050959711264691905,
    0.0036374547897948003,
    0.006566787691296824,
    0.004341664829149118,
    0.0034556581666387353,
    0.003693517260207863,
    0.0032487349530533217,
    0.003441226742076899,
    0.004366408739264848,
    0.003140177920916661,
    0.0032912785449518583,
    0.0029289658747865075,
    0.003155942870091736,
    0.00291081682602949,
    0.003320060629623112,
    0.004970886999952273,
    0.0066044418031886,
    0.004970263171767007,
    0.004393088998951517,
    0.0039041367635210844,
    0.0036363314525674055,
    0.0037150856892321366,
    0.0036413292675040957,
    0.003616279487264686
  ]
}