{
  "name": "hydraulics",
  "n_features": 19,
  "hidden_size": 64,
  "latent_dim": 32,
  "n_layers": 2,
  "window_size": 30,
  "stride": 3,
  "best_val_loss": 0.003428935578664426,
  "threshold_3sigma": 0.028709448873996735,
  "threshold_p95": 0.006312162149697542,
  "threshold_p99": 0.04515429586172104,
  "normal_error_mean": 0.004014570266008377,
  "normal_error_std": 0.008231625892221928,
  "train_losses": [
    0.015491502789031648,
    0.004254751245706856,
    0.004204302463969619,
    0.004188084099844629,
    0.004178808142997457,
    0.004171168974911173,
    0.004169573209961786,
    0.004163601415577811,
    0.004162196288271582,
    0.004160812344999259,
    0.0041595905617533525,
    0.004160528710472182,
    0.004158632714258692,
    0.004157063950554636,
    0.0041585764290798105,
    0.00415530917945652,
    0.004155552515916469,
    0.004155574383038752,
    0.004155815546412694
  ],
  "val_losses": [
    0.0035943257748243407,
    0.003497432925293899,
    0.003477846879060521,
    0.0034704502025793183,
    0.0034492029452748182,
    0.0034320500427668897,
    0.0034511030652804886,
    0.0034658930204441826,
    0.003428935578664426,
    0.003463294531390391,
    0.0034372103385829525,
    0.003490549198826869,
    0.00346069489817389,
    0.003430984103511266,
    0.0034401321629617325,
    0.003451303273176003,
    0.0034551494454993217,
    0.003447785966199437,
    0.003455550903736642
  ]
}