{
  "name": "probe",
  "n_features": 11,
  "hidden_size": 64,
  "latent_dim": 32,
  "n_layers": 2,
  "window_size": 30,
  "stride": 3,
  "best_val_loss": 0.0008851897412137307,
  "threshold_3sigma": 0.026239970698952675,
  "threshold_p95": 0.003801734419539571,
  "threshold_p99": 0.011458088643848896,
  "normal_error_mean": 0.0010397641453891993,
  "normal_error_std": 0.008400068618357182,
  "train_losses": [
    0.06646493940825074,
    0.028881983402595113,
    0.012673854451678674,
    0.008485921403232004,
    0.007726271678551406,
    0.005862854002280583,
    0.004916768788559121,
    0.004355125187874864,
    0.004163092976843621,
    0.0037733489327883923,
    0.0030893337308268037,
    0.0030572564387338535,
    0.002768016300482898,
    0.0027677522966005476,
    0.002613308537501425,
    0.0030589039135622406,
    0.0020399443115316257,
    0.001971364061698571,
    0.002118032438823901,
    0.002033024063303062,
    0.002081988080248886,
    0.0022448021275733076,
    0.002086974037769689,
    0.0018931537784094526,
    0.0019924580614981845,
    0.0015444278579445807,
    0.001512422702398445,
    0.0015773370970276353,
    0.00148848328874482,
    0.0015002568366430206,
    0.0016328525417259215,
    0.0016049810699436046,
    0.001622765707580785,
    0.0014227667177521383,
    0.001410664618118967,
    0.0014535244354331254,
    0.0014178628723567196,
    0.00145028954001236,
    0.001422769158845175,
    0.0014326171633288615,
    0.0014073159043563402,
    0.0014706193219527304,
    0.0014017140802349089,
    0.0014394104592419174,
    0.0013418921023463882,
    0.001325058632615584,
    0.0013352931880287863,
    0.0013422184175297467,
    0.0013372354999151431,
    0.0013153246314645184,
    0.0013159223652679387,
    0.0013266169668546151,
    0.0013421860399997247,
    0.001325056658479807,
    0.0013385105056986782,
    0.0013181007712037935,
    0.0013145931804453143,
    0.0013219692357596597,
    0.0013276571486042766,
    0.0012587622870304847,
    0.0012574997133961653,
    0.0012525588459289057,
    0.0012528154849869842,
    0.0012486477429284205,
    0.0012446394220258774,
    0.0012540849608205656,
    0.0012330768558667124,
    0.0012542776152184684,
    0.001247487354286918,
    0.0012383632759641234,
    0.0012268784271408603,
    0.0012207982452045983,
    0.0012291354641840264,
    0.001225246799644379,
    0.001223370353466151,
    0.0012296045319154698,
    0.001216291435115909,
    0.001216783743070583,
    0.0012228669277371592,
    0.0012166188374717433
  ],
  "val_losses": [
    0.04140202990160418,
    0.015444696787098009,
    0.008620020044606528,
    0.006485374599052569,
    0.008123615221811266,
    0.004280208031081882,
    0.005578811408309831,
    0.003380424177209139,
    0.003682613248560246,
    0.002279752080512205,
    0.0037970416509999654,
    0.0024270278953910673,
    0.0026671318660329703,
    0.0022932425828287827,
    0.0028209249760424646,
    0.0023611030558852073,
    0.001541279062134569,
    0.0019815826697484945,
    0.0014060994312464087,
    0.0016860958589170355,
    0.00200039024841519,
    0.0015257038307614917,
    0.001557944503777738,
    0.0020293584920264866,
    0.0020218306119498476,
    0.0013984606176205543,
    0.0011157559884583926,
    0.0011222839129179118,
    0.0014284858785098126,
    0.0014289628618486187,
    0.001375431041738884,
    0.0013236139637578016,
    0.0014163037563463664,
    0.0010378685933252624,
    0.0010195716835130382,
    0.0010714873179412361,
    0.0012441745137480073,
    0.0010170064698387352,
    0.0010415999857268433,
    0.0012418911372316704,
    0.0010213309389949456,
    0.0010895529990698884,
    0.0010855125938453994,
    0.001041138438111632,
    0.0010071583440576708,
    0.0009958235753980591,
    0.0009679258737837745,
    0.001014240629239904,
    0.0009612636759361567,
    0.0010273282157758138,
    0.0009808732398651596,
    0.0009845465784298604,
    0.0009440578568583904,
    0.0013055561990180226,
    0.0009980770596347143,
    0.0010181822595915597,
    0.0010488160414476597,
    0.0009509226924406407,
    0.0009558894440726932,
    0.0009274416188050927,
    0.0009406565772995677,
    0.0009265423313164237,
    0.0009229807627053386,
    0.0009117673889888484,
    0.0009659621348258254,
    0.0009624343922519303,
    0.0009587073806015366,
    0.0009203186052742019,
    0.0009121152555356579,
    0.0009200925832732482,
    0.0009055278447942898,
    0.0009090691296891732,
    0.0009142680127747507,
    0.0008960762105642869,
    0.0008926325693513112,
    0.0008882326964698168,
    0.0008898768784928681,
    0.0008906093063353293,
    0.0008851897412137307,
    0.0009140858904477985
  ]
}